Changes detected in Instruments.csv, updating the repository.
The following paths are ignored by one of your .gitignore files:
source/doc
hint: Use -f if you really want to add them.
hint: Turn this message off by running
hint: "git config advice.addIgnoredFile false"
[main d9c434c] Updated Instruments.csv with new data
 1 file changed, 190 insertions(+), 190 deletions(-)
Enumerating objects: 9, done.
Counting objects: 100% (9/9), done.
Delta compression using up to 16 threads
Compressing objects: 100% (2/2), done.
Writing objects: 100% (5/5), 2.05 KiB | 2.05 MiB/s, done.
Total 5 (delta 2), reused 4 (delta 2), pack-reused 0
remote: Resolving deltas: 100% (2/2), completed with 2 local objects.
To https://github.com/cypator/splate-api.git
   198ead9..d9c434c  main -> main
okBackup directory deleted successfully.
